totalAssets,totalCurrentAssets,cashAndCashEquivalentsAtCarryingValue,cashAndShortTermInvestments,inventory,currentNetReceivables,totalNonCurrentAssets,propertyPlantEquipment,accumulatedDepreciationAmortizationPPE,otherCurrentAssets,otherNonCurrentAssets,totalLiabilities,totalCurrentLiabilities,currentAccountsPayable,totalNonCurrentLiabilities,otherCurrentLiabilities,otherNonCurrentLiabilities,totalShareholderEquity,retainedEarnings,commonStock,commonStockSharesOutstanding,date,grossProfit,totalRevenue,costOfRevenue,costofGoodsAndServicesSold,operatingIncome,sellingGeneralAndAdministrative,operatingExpenses,netInterestIncome,interestExpense,depreciationAndAmortization,incomeBeforeTax,incomeTaxExpense,netIncomeFromContinuingOperations,comprehensiveIncomeNetOfTax,ebit,ebitda,netIncome,operatingCashflow,changeInOperatingLiabilities,changeInOperatingAssets,depreciationDepletionAndAmortization,capitalExpenditures,changeInReceivables,changeInInventory,profitLoss,cashflowFromInvestment,cashflowFromFinancing,changeInCashAndCashEquivalents
5536300000,4883900000,4193100000,4204200000,560000000,59700000,672800000,78900000,846000000,60000000,65100000,1152900000,783500000,220500000,369400000,203600000,21100000,4383400000,-230300000,200000,426500000,2024-08-03,248800000,798300000,549500000,549500000,-22000000,270800000,270800000,39500000,,7600000,17500000,2700000,14800000,14900000,-22000000,-14400000,14800000,68600000,-64600000,-105800000,7600000,3100000,-500000,-115900000,14800000,78400000,3052900000,
2587100000,1879700000,999900000,1082900000,675800000,58900000,721500000,82400000,843600000,62100000,65500000,1279800000,848300000,282700000,431500000,377100000,31300000,1307400000,-245100000,100000,306200000,2024-05-04,244500000,881800000,637300000,637300000,-50600000,295100000,312200000,14900000,,16800000,-35700000,-3400000,-32300000,-31800000,-50600000,-33800000,-32300000,-109800000,-89300000,1300000,16800000,4900000,-33400000,43200000,-32300000,189800000,-2700000,
2709000000,1974200000,921700000,1199300000,632500000,91000000,662700000,94900000,851200000,51400000,66800000,1370400000,934500000,324000000,435900000,199500000,31600000,1338600000,-212800000,100000,305700000,2024-02-03,419200000,1793600000,1374400000,1374400000,55200000,359200000,389100000,15300000,,18600000,71000000,7900000,63100000,68400000,55200000,73800000,63100000,-11000000,-512700000,-400900000,74800000,7700000,700000,-397000000,63100000,20600000,-3500000,
3146900000,2376800000,909000000,1209500000,1021300000,88300000,785200000,114500000,973000000,57700000,68600000,1884100000,1437800000,812700000,446300000,236800000,31500000,1262800000,-275900000,100000,305500000,2023-10-28,281800000,1078300000,796500000,796500000,-14700000,296500000,296500000,12900000,,11300000,-4300000,-1200000,-3100000,-10800000,-14700000,-3400000,-3100000,19100000,380900000,369100000,11300000,8000000,13300000,357500000,-3100000,5100000,-2600000,
2803700000,2005200000,894700000,1194700000,676900000,75600000,813900000,119300000,983000000,58000000,78600000,1536500000,1071400000,378000000,465100000,487500000,35800000,1267200000,-272800000,100000,305200000,2023-07-29,305900000,1163800000,857900000,857900000,-16600000,322500000,322500000,11600000,11600000.0,12600000,-3000000,-200000,-2800000,-4100000,-16600000,-4000000,-2800000,-109100000,-246500000,-134900000,12600000,10100000,-43400000,-83500000,-2800000,-52200000,-2700000,-164000000.0
3070200000,2254600000,1057000000,1310100000,759500000,119200000,830900000,123600000,988300000,65800000,78700000,1798600000,1319500000,561400000,479100000,546400000,40300000,1271600000,-270000000,100000,304700000,2023-04-29,287300000,1237100000,949800000,949800000,-58400000,345700000,360000000,9700000,9700000.0,13700000,-50600000,-100000,-50500000,-58500000,-58400000,-44700000,-50500000,-102700000,-22300000,51500000,13700000,9100000,-35600000,83100000,-50500000,-6700000,-2800000,-112200000.0
3113400000,2323700000,1139000000,1390600000,682900000,153900000,718700000,136500000,1006800000,96300000,74100000,1791100000,1339100000,531300000,452000000,198200000,40900000,1322300000,-219500000,100000,304600000,2023-01-28,499800000,2226400000,1726600000,1726600000,46200000,453400000,469800000,6200000,6200000.0,14200000,52400000,4200000,48200000,70100000,46200000,60400000,48200000,338200000,-353700000,-455400000,75900000,11600000,30100000,-474600000,48200000,-19100000,-4600000,314500000.0
3322500000,2581800000,803800000,1042100000,1131300000,125300000,755500000,138500000,981400000,283100000,64700000,2077500000,1588700000,888400000,488800000,489900000,110400000,1245000000,-267700000,100000,304300000,2022-10-29,291600000,1186400000,894800000,894800000,-96300000,387900000,387900000,3700000,3700000.0,15100000,-92600000,2100000,-94700000,-111500000,-96300000,-81200000,-94700000,177300000,672000000,451900000,15100000,13000000,26000000,414600000,-94700000,-249600000,-300000,-72600000.0
2799500000,2019200000,908900000,908900000,734800000,99600000,795300000,146800000,990100000,275900000,62500000,1456000000,932400000,217400000,523600000,512100000,124100000,1343500000,-173000000,100000,304000000,2022-07-30,282200000,1136000000,853800000,853800000,-107800000,387500000,387500000,300000,300000.0,15300000,-107500000,1200000,-108700000,-113100000,-107800000,-92500000,-108700000,-103400000,-204700000,-185400000,15300000,20500000,-3000000,-179500000,-108700000,-20100000,-1900000,-125400000.0
3125500000,2329600000,1035000000,1035000000,917600000,103400000,795900000,157400000,993600000,240300000,53100000,1674800000,1126900000,386800000,547900000,533300000,137700000,1450700000,-64300000,100000,75900000,2022-04-30,298500000,1378400000,1079900000,1079900000,-153700000,452200000,462800000,-700000,700000.0,17100000,-154400000,3500000,-157900000,-161800000,-153700000,-136600000,-157900000,-303900000,-179800000,3900000,17100000,10800000,-36300000,9900000,-157900000,66100000,-1100000,-238900000.0
3499300000,2598800000,1271400000,1271400000,915000000,141100000,807400000,163600000,1029800000,238200000,134000000,1896800000,1354700000,471000000,542100000,279100000,107900000,1602500000,93600000,100000,75900000,2022-01-29,378200000,2253900000,1875700000,1875700000,-166800000,538900000,568300000,-900000,700000.0,23300000,-167700000,-20200000,-147500000,-162000000,-167000000,-143700000,-147500000,-110300000,-151000000,-138500000,101200000,21300000,59400000,-215600000,-147500000,-23700000,-3100000,-137100000.0
3762000000,2913100000,1413000000,1413000000,1140900000,83400000,848900000,179600000,1122000000,236300000,53500000,2007100000,1533300000,711500000,473800000,608500000,19300000,1754900000,241100000,100000,75900000,2021-10-30,318600000,1296600000,978000000,978000000,-102900000,421500000,421500000,-800000,800000.0,16900000,-103700000,1700000,-105400000,-103300000,-102900000,-86000000,-105400000,-293700000,351800000,562700000,16900000,12500000,15200000,546400000,-105400000,-12800000,0,-105400000.0
3545800000,2657000000,1720400000,1720400000,596400000,68500000,888800000,186600000,1113700000,235000000,57000000,1693800000,1194300000,409700000,499500000,563100000,20000000,1852000000,346500000,100000,75900000,2021-07-31,320900000,1183400000,862500000,862500000,-58000000,378900000,378900000,-500000,600000.0,17600000,-58500000,3100000,-61600000,-70700000,-57900000,-40300000,-61600000,-11500000,36600000,-800000,17600000,13500000,-33100000,31200000,-61600000,-13600000,1034400000,-66900000.0
2562700000,1657200000,694700000,694700000,570900000,102100000,905500000,192600000,1109900000,232100000,40000000,1683200000,1217900000,388600000,465300000,561800000,20300000,879500000,408100000,100000,69300000,2021-05-01,330100000,1276800000,946700000,946700000,-40800000,370300000,390000000,-24700000,24700000.0,18700000,-65500000,1300000,-66800000,-64700000,-40800000,-22100000,-66800000,-18800000,-11500000,-32600000,18700000,14700000,-3100000,-32400000,-66800000,-14700000,169300000,-5200000.0
2472600000,1551200000,508500000,508500000,602500000,105300000,819700000,201200000,1117700000,224900000,41600000,2035900000,1342700000,341800000,693200000,255200000,20500000,436700000,474900000,100000,65300000,2021-01-30,448600000,2122100000,1673500000,1673500000,18800000,419100000,448700000,-6600000,6600000.0,18900000,10800000,-69700000,80300000,98600000,17400000,36300000,80500000,164800000,-159600000,-336400000,100400000,27400000,26000000,-270800000,18800000,-26400000,-120900000,18800000.0
2601400000,1651900000,445900000,445900000,861000000,77600000,949500000,193000000,1175300000,126700000,44600000,2269200000,1576700000,440200000,692500000,654100000,19800000,332200000,394400000,100000,65200000,2020-10-31,276300000,1004700000,728400000,728400000,-63000000,360400000,339300000,-10000000,10000000.0,19400000,-72700000,-53900000,-18800000,-22300000,-62700000,-43300000,-18800000,-184600000,272500000,381900000,19400000,15100000,-5300000,382600000,-18800000,27300000,13500000,-18800000.0
2375200000,1379900000,735100000,735100000,474600000,83100000,995300000,219700000,1176500000,87100000,44900000,2022900000,1312200000,256400000,710700000,580700000,19300000,352300000,413200000,100000,65200000,2020-08-01,252200000,942000000,689800000,689800000,-85600000,348200000,337800000,-7900000,7900000.0,20200000,-93400000,17900000,-111000000,-84300000,-85500000,-65300000,-111300000,192800000,79800000,-200200000,20200000,10900000,-6100000,-198200000,-85600000,42100000,-79900000,8600000.0
2469000000,1419900000,570300000,570300000,654700000,86700000,1049100000,256300000,1172400000,108200000,43800000,2034000000,1519700000,212100000,514300000,506000000,20400000,435000000,524500000,100000,64600000,2020-05-02,282400000,1021000000,738600000,738600000,-108000000,386500000,412200000,-7600000,7600000.0,21500000,-115300000,50400000,-165100000,-177800000,-107700000,-86200000,-165700000,-49300000,-274300000,-256200000,21500000,6600000,-54400000,-196000000,-165700000,-6100000,131900000,-108000000.0
2819700000,1633700000,499400000,499400000,859700000,141900000,1199800000,275900000,1190100000,120900000,46300000,2208200000,1237700000,380800000,970500000,267600000,21400000,611500000,690200000,100000,64300000,2020-02-01,597300000,2194100000,1596800000,1596800000,75200000,511700000,10400000,-7900000,-3400000.0,25900000,64800000,43800000,24900000,13700000,61400000,87300000,21000000,240300000,-304500000,-494200000,122300000,17100000,4200000,-422700000,21000000,-4000000,-22000000,207400000.0
3145600000,1863100000,290300000,290300000,1286700000,145700000,1282500000,287100000,1230400000,127600000,65700000,2528500000,1573500000,709900000,955000000,625100000,19100000,617100000,688500000,100000,67900000,2019-11-02,441100000,1438500000,997400000,997400000,-45600000,475400000,11300000,-8000000,8000000.0,23600000,-51800000,31600000,-83200000,-79800000,-43800000,-20200000,-83400000,-8100000,350900000,350600000,23900000,20200000,15200000,332100000,-83400000,-14700000,-114000000,-45600000.0
2987900000,1667600000,424000000,424000000,948900000,122400000,1333600000,312000000,1255300000,143200000,80800000,2178200000,1216800000,368300000,961400000,14500000,18400000,809700000,884700000,100000,90500000,2019-08-03,399100000,1285700000,886600000,886600000,-446700000,481900000,363900000,-9600000,9600000.0,22600000,-455400000,-40100000,-413600000,-422200000,-445800000,-423200000,-415300000,18300000,-52200000,-171500000,22900000,22600000,-1600000,-181100000,-415300000,-23500000,-114700000,-415300000.0
3633300000,1920100000,543200000,543200000,1149100000,126000000,1726400000,313300000,1247900000,101800000,81700000,2341600000,1297300000,458400000,1044300000,588900000,22800000,1291700000,1330800000,100000,102300000,2019-05-04,471200000,1547700000,1076500000,9600000,17500000,453700000,477700000,-13000000,13000000.0,23100000,9100000,2300000,7500000,-7100000,22100000,45200000,6800000,-665000000,-787000000,-100100000,23300000,18600000,-6900000,-89400000,6800000,-18700000,-394000000,6800000.0
4044300000,3127700000,1624400000,1624400000,1250500000,134200000,916600000,321300000,1235800000,118600000,84100000,2708100000,2181100000,1051900000,527000000,387100000,55400000,1336200000,1362700000,100000,102000000,2019-02-02,748800000,3063000000,2314200000,2314200000,-232100000,633000000,428400000,-14100000,14100000.0,25100000,-161800000,25900000,-268500000,-188000000,-147700000,-122600000,-187700000,504300000,-385700000,-685300000,136300000,27800000,54900000,-717900000,-187700000,701700000,-38700000,832000000.0
4656700000,3263000000,448600000,448600000,1881500000,152300000,1859600000,323900000,1237900000,157700000,103800000,3091600000,2556700000,1452800000,549800000,676500000,63700000,1565100000,1589200000,100000,102000000,2018-11-03,558200000,1935400000,1377200000,16800000,-517900000,463600000,587500000,-14100000,14100000.0,25000000,-512600000,-24000000,-506900000,-502200000,-498500000,-473500000,-488600000,250700000,948600000,778300000,30500000,25800000,-10800000,782300000,-488600000,-28400000,-39700000,-517900000.0
4282400000,2324800000,272800000,272800000,1130600000,121800000,2427700000,325800000,1249500000,168400000,140300000,2178200000,1290800000,535800000,902500000,734000000,63200000,2104200000,2117000000,100000,101900000,2018-08-04,470000000,1501100000,1031100000,9000000,1500000,441500000,468500000,-14400000,14400000.0,27000000,2500000,27400000,-39800000,-42300000,16900000,43900000,-24900000,102000000,96800000,-22200000,32500000,22500000,14600000,-49300000,-24900000,-21400000,-39000000,-24900000.0
4308400000,2327300000,242100000,242100000,1184500000,104500000,2456800000,333500000,1237100000,141900000,151700000,2124900000,1229600000,547800000,910200000,663300000,71700000,2183500000,2180900000,100000,101900000,2018-05-05,531100000,1785800000,1254700000,16600000,46500000,456100000,485000000,-14200000,14200000.0,28500000,40600000,12400000,20400000,-7000000,54800000,83300000,28200000,-531900000,-680800000,-51200000,34400000,17600000,-24300000,-27700000,28200000,-16400000,-57300000,28200000.0
5041600000,3018400000,854200000,864400000,1250300000,138600000,2023200000,351000000,1235300000,124900000,71000000,2827100000,1930800000,892300000,896300000,470600000,73400000,2214500000,2180100000,100000,101300000,2018-02-03,864700000,2864000000,572400000,2414800000,251100000,360900000,13800000,-14200000,14200000.0,10000000,-1900000,104000000,116900000,-69400000,12300000,22300000,-105900000,452000000,-356900000,-486700000,162200000,27800000,-15300000,-518200000,-105900000,-22600000,-38600000,409100000.0
5474000000,2671000000,454700000,454700000,1822500000,195800000,2803000000,457900000,1300900000,198000000,70700000,3160300000,2217500000,1285100000,942800000,932400000,103400000,2313700000,2325100000,100000,101300000,2017-10-28,559800000,1974500000,1901000000,1299200000,71900000,565100000,601800000,-14100000,14100000.0,36700000,73700000,14300000,49700000,36200000,87800000,124500000,59400000,294600000,906800000,712300000,37000000,38400000,10800000,698900000,59400000,-37400000,-60400000,192600000.0
4609800000,1790600000,262100000,262100000,1140600000,185400000,2819200000,457400000,1281400000,202500000,78500000,2298100000,1337700000,469800000,960400000,867900000,121700000,2311700000,2304800000,100000,101300000,2017-07-29,493200000,1673200000,1644000000,1063900000,26900000,542400000,580100000,-14400000,14400000.0,37700000,29200000,7000000,12000000,76600000,43600000,81300000,22200000,-54900000,-77800000,-80100000,37900000,27200000,17500000,-98400000,22200000,26600000,-38500000,-49800000.0
4683400000,1847000000,311900000,311900000,1216900000,172500000,2836400000,453600000,1230800000,145700000,72000000,2414500000,1465600000,526100000,948900000,939500000,110200000,2268900000,2321700000,100000,101300000,2017-04-29,567200000,2029500000,1944800000,1343400000,89300000,563500000,603700000,-14100000,14100000.0,37900000,87200000,28200000,51800000,50800000,101300000,139200000,59000000,-256800000,-317100000,76300000,38300000,20000000,-48700000,114900000,59000000,-27200000,-65000000,-357500000.0
4975900000,2140700000,664500000,669400000,1121500000,220900000,2835200000,363300000,1203500000,128900000,72800000,2721800000,1761500000,616600000,960300000,564900000,122300000,2254100000,2301300000,100000,101000000,2017-01-28,1007900000,3045400000,33800000,2037500000,286600000,255600000,33800000,-14100000,14100000.0,12700000,245500000,36800000,160000000,207100000,259600000,272300000,208700000,405500000,-394100000,-463100000,208400000,36900000,40300000,-497600000,208700000,-35900000,-58100000,311600000.0
5230600000,2358800000,356100000,356100000,1633600000,181100000,2871800000,503100000,1166800000,188000000,75200000,3106500000,2151100000,1242600000,955400000,908500000,111000000,2124100000,2169700000,100000,102600000,2016-10-29,708200000,1944400000,1860400000,1251000000,98800000,567100000,609400000,-14800000,14800000.0,42300000,84000000,33200000,50800000,43900000,98800000,141100000,50800000,567800000,1052600000,610400000,42600000,39700000,55000000,551400000,50800000,-432500000,-72500000,66600000.0
4133600000,1684400000,289500000,289500000,1093000000,126600000,2449200000,480900000,1135900000,175300000,69600000,1982600000,1056500000,370700000,926100000,685800000,82500000,2151000000,2184500000,100000,104000000,2016-07-30,617700000,1617900000,1573500000,1014100000,58300000,518400000,559400000,-13900000,13900000.0,41000000,44700000,16800000,27900000,28700000,58600000,99600000,27900000,-60100000,-240700000,-164200000,41400000,36700000,-12000000,-156100000,27900000,-81100000,-38900000,-184100000.0
4446000000,2037100000,473600000,473600000,1264100000,139000000,2408900000,483300000,1119200000,160400000,61400000,2289900000,1366000000,608500000,923900000,707200000,81400000,2156100000,2195600000,100000,104000000,2016-04-30,675500000,1958600000,1857500000,1296000000,114000000,520800000,563400000,-11000000,11000000.0,40700000,103200000,37400000,65800000,115000000,114200000,154900000,65800000,-376100000,-352000000,57500000,41000000,29400000,-39400000,87600000,65800000,-27900000,408200000,23200000.0
4330300000,1937500000,450400000,450400000,1163000000,176500000,2392800000,484500000,1075600000,148900000,62200000,2249300000,1794400000,631900000,454900000,707700000,79900000,2081000000,2169700000,100000,103300000,2016-01-30,1043200000,3525000000,4600000,2481800000,381900000,613300000,4600000,-5600000,5600000.0,43400000,376400000,128600000,381900000,220300000,382000000,425400000,247800000,468700000,-631900000,-698500000,197400000,43800000,-8300000,-673900000,247800000,-106900000,-86900000,264200000.0
4830100000,2493100000,186200000,186200000,1856300000,185500000,2337000000,477500000,1077900000,200500000,62100000,2888500000,2371700000,1461100000,516800000,876400000,75700000,1941600000,2002800000,100000,104900000,2015-10-31,655600000,2009800000,1925600000,1360700000,90700000,525500000,564900000,-6500000,6500000.0,39400000,84200000,28300000,55900000,50000000,90700000,130100000,55900000,211100000,1024900000,952100000,39900000,53600000,67600000,882000000,55900000,-64200000,-93200000,50000000.0
3833500000,1500300000,136200000,136200000,988300000,118300000,2333200000,463300000,1108600000,192900000,69500000,1866200000,1344500000,481100000,521700000,847400000,81000000,1967300000,2022600000,100000,105900000,2015-08-01,580500000,1761900000,1710200000,1181400000,51700000,490800000,528800000,-5700000,5700000.0,38000000,46100000,20800000,51700000,-15100000,51800000,89800000,25300000,105600000,25500000,-69400000,38300000,48000000,12900000,-94900000,25300000,-235300000,-86000000,-233600000.0
3941000000,1755500000,369800000,369800000,1076700000,99500000,2185500000,448200000,1091800000,145200000,78000000,1868300000,1345700000,585100000,522600000,709200000,82200000,2072700000,2087600000,100000,107100000,2015-05-02,639000000,2060600000,1936700000,1421600000,123900000,479300000,516500000,-5600000,5600000.0,35800000,118500000,44700000,123900000,84200000,124100000,159900000,73800000,-128600000,-332900000,-70900000,36300000,27800000,-14100000,-64000000,73800000,-38200000,-80100000,-240300000.0
4240400000,2062500000,610100000,610100000,1144800000,113500000,2183800000,454200000,1061500000,128500000,77100000,2178600000,1639700000,815600000,538900000,351200000,92400000,2067700000,2093000000,100000,107700000,2015-01-31,976400000,3476100000,2200000,2499700000,385900000,550300000,2200000,-5500000,5500000.0,38000000,380700000,136600000,385900000,156900000,386200000,424200000,244100000,443900000,-431900000,-578700000,178900000,53100000,11400000,-549000000,244100000,-60200000,-108500000,236100000.0
4641600000,2443700000,374000000,374000000,1714400000,116900000,2197900000,465000000,1071000000,179300000,89600000,2633000000,2151400000,1316100000,481600000,814600000,74200000,2008600000,1946700000,100000,109300000,2014-11-01,622200000,2092200000,2002400000,1470000000,89800000,494300000,532400000,-3200000,3200000.0,38100000,86700000,30300000,89800000,14100000,89900000,128000000,56400000,311900000,950000000,750600000,38600000,55000000,28100000,699600000,56400000,-80200000,-34300000,181000000.0
3763500000,1586300000,193000000,193000000,1061000000,91200000,2177200000,449700000,1057200000,181900000,84900000,1582100000,1447700000,460800000,134400000,743100000,75200000,2181400000,2011400000,100000,112800000,2014-08-02,550900000,1731400000,1694700000,1180500000,36700000,475400000,514200000,-1200000,1200000.0,38800000,35600000,11000000,36700000,17000000,36800000,75600000,24600000,1900000,-113600000,-103400000,39300000,26900000,4300000,-116900000,24600000,-43200000,26400000,-15900000.0
3807500000,1642400000,208900000,208900000,1200100000,86000000,2165100000,464300000,1029800000,90200000,59400000,1540300000,1424500000,612300000,115800000,717300000,75500000,2267200000,2025100000,100000,114500000,2014-05-03,626400000,1996300000,1890400000,1369900000,105900000,481000000,520800000,-800000,800000.0,39500000,105300000,37300000,105900000,97200000,106100000,145600000,68000000,-277200000,-336300000,2300000,40100000,24600000,500000,-8900000,68000000,-52300000,-14800000,-327300000.0
4091400000,1949600000,536200000,536200000,1198900000,84400000,2141800000,476200000,995600000,78400000,56600000,1840000000,1726000000,783900000,114000000,452800000,75000000,2251400000,1995900000,100000,115300000,2014-02-01,1003200000,3683800000,18500000,2680800000,358400000,573100000,18500000,-2200000,2200000.0,42800000,356600000,136100000,358400000,184400000,358800000,401600000,220500000,272500000,-672800000,-508500000,250400000,49600000,-14100000,-476900000,220500000,-70200000,-112900000,64300000.0
4565000000,2457500000,471900000,471900000,1717000000,88600000,2107500000,472900000,1105300000,2600000,120300000,2417700000,2315600000,1356600000,102100000,991000000,75900000,2147300000,1807800000,100000,116200000,2013-11-02,598300000,2106700000,1997600000,1508300000,109100000,448500000,489300000,-1000000,1000000.0,40800000,108400000,39800000,109100000,88900000,109400000,150200000,68600000,575500000,1172200000,733800000,41500000,28700000,32400000,706000000,68600000,-91400000,-149500000,344500000.0
3438300000,1392400000,127400000,127400000,1004400000,55700000,2045900000,479400000,1074800000,2600000,57000000,1281600000,1177800000,315800000,103800000,843100000,76500000,2156700000,1772000000,100000,117100000,2013-08-03,481300000,1383700000,1364900000,902300000,18800000,421600000,464000000,-1400000,1400000.0,41000000,17500000,7000000,18800000,-37500000,18900000,59900000,10500000,76700000,-17000000,-90400000,41600000,23000000,-1300000,-97800000,10500000,-22400000,-56400000,-26300000.0
3553100000,1470400000,153700000,153700000,1112300000,57200000,2082700000,500700000,1055200000,8000000,57500000,1256800000,1143700000,467600000,113100000,707000000,83900000,2296300000,1794900000,100000,119000000,2013-05-04,578300000,1860800000,1778100000,1287000000,87200000,449200000,495600000,-1000000,1000000.0,41900000,86300000,31700000,54600000,36500000,87300000,129200000,54600000,-162000000,-205400000,-36900000,42600000,24300000,-15600000,-44400000,54600000,-23500000,-31800000,-220700000.0
3872200000,1749500000,374400000,635800000,1171300000,73600000,2122700000,524800000,1030100000,7300000,61400000,1585900000,1453900000,611600000,132000000,224200000,100500000,2286300000,1773500000,100000,118200000,2013-02-02,974900000,3561500000,1938300000,2629700000,412300000,516500000,-681800000,-1300000,1300000.0,44200000,411300000,150200000,412300000,280900000,412600000,456800000,261100000,406500000,-524200000,-463600000,222400000,50700000,22800000,-454800000,261100000,-60800000,-103100000,247200000.0
4349300000,2252400000,366400000,366400000,1645700000,49600000,2096900000,519900000,997600000,15400000,49400000,2251700000,2100600000,1277600000,151100000,823000000,95500000,2097600000,1543100000,100000,120900000,2012-10-27,557400000,1771600000,2421200000,1215400000,-603500000,438200000,1207000000,-1200000,1200000.0,43900000,-604500000,19800000,-624300000,-591100000,-603300000,-559400000,-624300000,377500000,902400000,643900000,44900000,35300000,8800000,652200000,-624300000,-34700000,-110500000,227700000.0
4131800000,1379400000,138700000,138700000,980200000,40200000,2752400000,529400000,976900000,27100000,51700000,1342500000,1183300000,462100000,159200000,721200000,98300000,2789300000,2198700000,100000,124500000,2012-07-28,519300000,1549100000,1515700000,1030900000,34500000,440900000,485900000,-1100000,1100000.0,43900000,33600000,12600000,21000000,-38000000,34700000,78600000,21000000,-11600000,-110200000,-105100000,44800000,31300000,-7300000,-113600000,21000000,-35100000,-144000000,-190400000.0
4459000000,1635600000,329100000,329100000,1118200000,48100000,2823400000,549200000,952700000,15400000,47000000,1481700000,1319000000,656400000,162700000,662600000,100100000,2979400000,2197600000,100000,132000000,2012-04-28,599900000,2000800000,1887200000,1402300000,115000000,440400000,486300000,-600000,600000.0,44500000,114700000,42200000,72400000,73200000,115300000,159800000,72500000,-162200000,-246800000,-31100000,45400000,22300000,-16200000,-20000000,72400000,-22100000,-140900000,-325900000.0
4608200000,1997300000,415800000,655000000,1137500000,64400000,2850100000,573300000,928000000,15800000,48700000,1807200000,1633900000,804300000,173300000,829600000,106200000,3042100000,2145700000,100000,136800000,2012-01-28,943200000,3579200000,81200000,2666700000,302500000,513600000,81200000,-2200000,2200000.0,45900000,300500000,125800000,-162400000,114400000,302700000,348600000,174700000,430800000,-579100000,-563700000,65100000,37800000,7500000,-566700000,174300000,-38800000,-165000000,229500000.0
5432600000,2436100000,442600000,442600000,1778300000,58100000,2996500000,602900000,901500000,13900000,63100000,2471100000,2298800000,1464300000,172300000,709800000,105300000,2963100000,1971000000,100000,138400000,2011-10-29,572900000,1940800000,1864200000,1373900000,82600000,443300000,496300000,-5400000,5400000.0,47000000,77000000,23100000,53700000,18000000,82400000,129400000,53900000,436700000,1040300000,729100000,48700000,39400000,14100000,719900000,53700000,-41800000,-176000000,217800000.0
4539400000,1509900000,224800000,224800000,1059900000,44200000,3029500000,614900000,871300000,19700000,63300000,1559300000,1141700000,469700000,417600000,662000000,99000000,2982500000,1917100000,100000,140200000,2011-07-30,543200000,1737000000,1690100000,1200500000,53600000,442500000,496300000,-6700000,6700000.0,47100000,47600000,16700000,30600000,4500000,54300000,101400000,30900000,-93200000,-325500000,-239300000,95100000,45500000,-5900000,-234600000,30600000,-60900000,-18600000,-171000000.0
4927400000,1882800000,395800000,395800000,1306100000,50600000,3044600000,619400000,837800000,22900000,65400000,1927700000,1501300000,872200000,426400000,629100000,103800000,3001700000,1886200000,100000,141300000,2011-04-30,620200000,2275100000,2150300000,1661200000,131100000,442700000,495400000,-6300000,6300000.0,46400000,125400000,45000000,80000000,210200000,131700000,178100000,80400000,-132500000,-236400000,11900000,600000,42400000,-16700000,17100000,80000000,-60100000,-133000000,-315000000.0
5063800000,2154800000,454500000,710800000,1257500000,65500000,2909000000,613800000,805200000,16500000,44300000,2167900000,1747800000,1028100000,420100000,582100000,96200000,2897300000,1805800000,100000,146000000,2011-01-29,903700000,3686357000,3344510000,2816582000,375700000,481200000,534329000,-6367000,6400000.0,45300000,369800000,132000000,237821000,233913000,376200000,421500000,237800000,675500000,-397019000,-631051000,711000,56075000,6800000,-646000000,237800000,-56500000,-97300000,529700000.0
5215100000,2300100000,181100000,181062000,1942400000,58800000,2915000000,606100000,768900000,13800000,41100000,2445900000,2078900000,1514600000,367000000,564283000,100100000,2770600000,1568000000,200000,151369000,2010-10-30,546300000,1883220000,1806359000,1352835000,92800000,408800000,469456000,-9966000,10000000.0,44700000,77500000,22800000,54312000,139168000,87500000,132200000,54700000,206900000,889336000,784989000,2623000,61262000,12200000,784000000,54300000,-94100000,-215200000,-108200000.0
4363000000,1585800000,289300000,289348000,1129500000,44300000,2777200000,575300000,721100000,19800000,38100000,1721000000,1154400000,625000000,566600000,529419000,102000000,2643000000,1513300000,100000,150352000,2010-07-31,516800000,1788787000,1729466000,1282267000,69600000,405000000,457505000,-10306000,10300000.0,42200000,60100000,19800000,39828000,7184000,70400000,112600000,40300000,-33400000,-87517000,-8738000,866000,44963000,8400000,-12700000,39800000,-53400000,-52500000,-142600000.0
4535400000,1736400000,431900000,431900000,1152100000,36000000,2799000000,575300000,697700000,30600000,36700000,1855500000,1285400000,767500000,570100000,517912000,102700000,2680400000,1472900000,200000,152853000,2010-05-01,570800000,2072300000,1958200000,1511900000,124500000,403800000,456700000,-10400000,10400000.0,42500000,115300000,40100000,74800000,75535000,125700000,168200000,75200000,-257800000,-264100000,92300000,800000,35300000,-27600000,101900000,74800000,-36100000,-190600000,-473500000.0
4955300000,2127300000,905400000,905418000,1053600000,64000000,2828000000,584200000,661800000,23700000,37400000,2232300000,1655700000,961700000,576600000,694003000,103800000,2723200000,1397800000,200000,158662000,2010-01-30,874097000,3513540000,3225549000,2698854000,347321000,481485000,537168000,-10473000,10519000.0,43491000,339166000,123209000,214386000,235187000,349685000,393176000,215957000,718630000,-283860000,596657000,827000,41637000,12812000,-607888000,214357000,-46628000,-58098000,613414000.0
5083323000,2194094000,292027000,292027000,1733962000,52543000,2889229000,591695000,629276000,16472000,38980000,2396585000,1838337000,1328041000,558248000,510296000,104335000,2686738000,1181833000,165000,164752000,2009-10-31,523084000,1821320000,1744458000,1311643000,90269000,391210000,446222000,-10946000,10946000.0,41605000,77342000,25117000,52225000,86448000,88288000,129893000,52225000,186411000,721225000,-489558000,1537000,45244000,11635000,620854000,52225000,-48646000,-48287000,94171000.0
4282136000,1444335000,197856000,197856000,1099325000,40119000,2837801000,579156000,612197000,13308000,37198000,1704951000,1095651000,615364000,609300000,480287000,106181000,2577185000,1129608000,165000,164661000,2009-08-01,495406000,1726767000,1667548000,1243098000,70956000,384773000,436187000,-11737000,11737000.0,39677000,59681000,20996000,38685000,38685000,71418000,111095000,38685000,7879000,721225000,-489558000,40081000,40248000,-48435000,19826000,38685000,-51323000,471000,-32399000.0
